{"reserved_space":1545.0887573964496,"used_space":1057.4012573964496,"free_space":487.6875}