{"getProcessCpuLoad":2.912655687613566E-4,"getSystemCpuLoad":0.07542592144987714,"getTotalPhysicalMemorySize":8463290368,"getProcessCpuTime":2687500000,"getFreeSwapSpaceSize":4833406976,"getCommittedVirtualMemorySize":278638592,"getFreePhysicalMemorySize":1656786944,"getTotalSwapSpaceSize":20811321344}