{"getProcessCpuLoad":0.17164256164302302,"getSystemCpuLoad":0.34064217258388196,"getTotalPhysicalMemorySize":8463290368,"getProcessCpuTime":828125000,"getFreeSwapSpaceSize":3358867456,"getCommittedVirtualMemorySize":249896960,"getFreePhysicalMemorySize":2063736832,"getTotalSwapSpaceSize":20447989760}