{"Total physical memory: ":8504987648,
"Free swap space: ":4416864256,
"Process CPU load: ":"0.12609022653470972",
"Committed virtual memory : ":250003456,
"System CPU load: ":0.20599474638814186,
"Free physical memory: ":2705321984,
"Total swap space: ":14947438592,
"Available processors: ":8,
"Process CPU time: ":1359375000,
"Average load: ":-1}